spanish	english	pos	cefr	tags
a	to, at	prep	A1.1	
a veces	sometimes	phrase	A1.1	MWU
abajo	down	adv	A1.1	
abril	April		A1.1	
abrir	to open	verb	A1.1	
abuela	grandmother		A1.1	society
abuelo	grandfather		A1.1	society
adiós	goodbye	interj	A1.1	
agosto	August		A1.1	
agua	water		A1.1	nature
ahora	now		A1.1	time
alemana	German - nationality	noun	A1.1	
alemán	German - language		A1.1	
allí	there	adv	A1.1	
almuerzo	lunch		A1.1	
alta	tall		A1.1	
amar	to love	verb	A1.1	
amarilla	yellow		A1.1	
americana	American		A1.1	
animal	animal		A1.1	nature
antes	before	adv	A1.1	time
apartamento	apartment	noun	A1.1	home
apellido	surname		A1.1	
aquí	here	adv	A1.1	
Argentina	Argentina		A1.1	
arriba	up	adv	A1.1	
auto	car		A1.1	
autobús	bus		A1.1	
avión	airplane		A1.1	nature
ayer	yesterday	adv	A1.1	time
azul	blue		A1.1	
año	year		A1.1	health
baja	short		A1.1	
banco	bank		A1.1	finance
baño	bathroom		A1.1	home
beber	to drink	verb	A1.1	food
bicicleta	bicycle		A1.1	
bien	well	adv	A1.1	
blanca	white		A1.1	
boleto	ticket		A1.1	travel
bolígrafo	pen		A1.1	
bonita	pretty		A1.1	
buena	good		A1.1	
buenas noches	good night	interj	A1.1	MWU
buenas tardes	good afternoon	interj	A1.1	MWU|time
buenos	good		A1.1	
buenos días	good morning	interj	A1.1	MWU
básquetbol	basketball		A1.1	sports
café	coffee		A1.1	
caliente	hot		A1.1	
calle	street		A1.1	nature
cama	bed		A1.1	
carne	meat		A1.1	
casa	house		A1.1	home
catorce	fourteen	num	A1.1	
celular	mobile phone		A1.1	tech
cena	dinner		A1.1	
cerca	near	adv	A1.1	health
cerrar	to close	verb	A1.1	
cien	one hundred	num	A1.1	
cinco	five	num	A1.1	
cincuenta	fifty	num	A1.1	
ciudad	city	noun	A1.1	
cocina	kitchen		A1.1	home
comenzar	to begin	verb	A1.1	
comer	to eat	verb	A1.1	food
comprar	to buy	verb	A1.1	
computadora	computer		A1.1	work
con	with	prep	A1.1	
correo electrónico	email	phrase	A1.1	MWU|work
cuaderno	notebook		A1.1	
cuarenta	forty	num	A1.1	
cuatro	four	num	A1.1	
cumpleaños	birthday		A1.1	
cuándo	when		A1.1	nature
cuánta	how much		A1.1	
cuántas	how many		A1.1	
cómo	how		A1.1	
dar	to give	verb	A1.1	
de	of, from	prep	A1.1	
de nada	you're welcome	phrase	A1.1	MWU
dentro	inside	adv	A1.1	
deporte	sport		A1.1	
derecha	right	adv	A1.1	
desayuno	breakfast		A1.1	
después	after	adv	A1.1	time
diciembre	December		A1.1	
diez	ten	num	A1.1	
dinero	money		A1.1	finance
dirección	address		A1.1	
doce	twelve	num	A1.1	
domingo	Sunday		A1.1	
dos	two	num	A1.1	
día	day		A1.1	
dólar	dollar		A1.1	finance
dónde	where	adv	A1.1	
edad	age		A1.1	
el	the - masculine	det	A1.1	
ella	she	pron	A1.1	
ellas	they	pron	A1.1	
en	in, on	prep	A1.1	
enero	January		A1.1	
enfermera	nurse		A1.1	
entrar	to enter	verb	A1.1	
escribir	to write	verb	A1.1	
escuchar	to listen	verb	A1.1	
escuela	school		A1.1	education
España	Spain		A1.1	health
español	Spanish - language		A1.1	
española	Spanish - nationality	noun	A1.1	
estar	to be - location, condition	verb	A1.1	
estudiante	student		A1.1	education
estudiar	to study	verb	A1.1	education
euro	euro		A1.1	finance
fea	ugly		A1.1	
febrero	February		A1.1	
francesa	French - nationality	noun	A1.1	
francés	French - language		A1.1	
fruta	fruit		A1.1	
frío	cold		A1.1	
fuera	outside	adv	A1.1	
fútbol	soccer		A1.1	
gato	cat		A1.1	
gracias	thank you	interj	A1.1	comparison
grande	big		A1.1	
gris	gray		A1.1	
gustar	to like	verb	A1.1	
hablar	to speak	verb	A1.1	
hacer	to do, make	verb	A1.1	
hasta luego	see you later	phrase	A1.1	MWU|time
hasta mañana	see you tomorrow	phrase	A1.1	MWU|time
hermana	sister		A1.1	society
hermano	brother		A1.1	society
hija	daughter		A1.1	society
hijo	son		A1.1	society
hola	hello	interj	A1.1	
hombre	man		A1.1	
hora	hour		A1.1	
hospital	hospital		A1.1	
hoy	today	adv	A1.1	time
igualmente	likewise		A1.1	
inglesa	English - nationality	noun	A1.1	
inglés	English - language		A1.1	
internet	internet		A1.1	tech
ir	to go	verb	A1.1	
italiana	Italian - nationality	noun	A1.1	
italiano	Italian - language		A1.1	
izquierda	left	adv	A1.1	
joven	young		A1.1	
jueves	Thursday		A1.1	
jugar	to play	verb	A1.1	
julio	July		A1.1	
junio	June		A1.1	
la	the - feminine	det	A1.1	
las	the - feminine plural	det	A1.1	
leche	milk		A1.1	
leer	to read	verb	A1.1	
lejos	far	adv	A1.1	
libro	book		A1.1	
llegar	to arrive	verb	A1.1	
llover	to rain	verb	A1.1	
lo siento	I'm sorry	interj	A1.1	MWU
los	the - masculine plural	det	A1.1	
lunes	Monday		A1.1	
lápiz	pencil		A1.1	
madre	mother		A1.1	society
mal	badly	adv	A1.1	
mala	bad		A1.1	
maleta	suitcase		A1.1	
manzana	apple		A1.1	
martes	Tuesday		A1.1	
marzo	March		A1.1	
mayo	May		A1.1	
mañana	tomorrow	adv	A1.1	time
menos	less		A1.1	comparison
mes	month		A1.1	
mesa	table		A1.1	
metro	subway		A1.1	
mi	my	pron	A1.1	
minuto	minute		A1.1	
mirar	to look	verb	A1.1	
miércoles	Wednesday		A1.1	
muchas gracias	thank you very much	phrase	A1.1	MWU|comparison
mucho	a lot		A1.1	
mucho gusto	nice to meet you	phrase	A1.1	MWU|work
mujer	woman		A1.1	
muy	very		A1.1	
más	more		A1.1	comparison
médica	doctor		A1.1	
México	Mexico		A1.1	
música	music		A1.1	media
naranja	orange		A1.1	
negra	black		A1.1	
niña	girl		A1.1	
niño	boy		A1.1	
no	no		A1.1	
noche	night		A1.1	
nombre	name		A1.1	
nosotras	we	pron	A1.1	
noventa	ninety	num	A1.1	
noviembre	November		A1.1	
nuestra	our		A1.1	
nueva	new		A1.1	
nueve	nine	num	A1.1	
nunca	never	adv	A1.1	
o	or	conj	A1.1	
ochenta	eighty	num	A1.1	
ocho	eight	num	A1.1	
octubre	October		A1.1	
odiar	to hate	verb	A1.1	
oficina	office		A1.1	work
once	eleven	num	A1.1	
padre	father		A1.1	society
pagar	to pay	verb	A1.1	
pan	bread		A1.1	food
para	for	prep	A1.1	
pasaporte	passport		A1.1	travel
país	country		A1.1	travel
película	movie		A1.1	media
pequeña	small		A1.1	
perdón	excuse me, sorry	interj	A1.1	
pero	but	conj	A1.1	discourse|glue
perro	dog		A1.1	
pescado	fish		A1.1	nature
plátano	banana		A1.1	
poco	a little		A1.1	
poder	to be able to	verb	A1.1	
por	by, for	prep	A1.1	
por favor	please	phrase	A1.1	MWU
por qué	why	phrase	A1.1	MWU
porque	because	conj	A1.1	discourse|glue
profesora	teacher		A1.1	education
puerta	door		A1.1	
querer	to want	verb	A1.1	
quince	fifteen	num	A1.1	
quién	who		A1.1	
qué	what		A1.1	
radio	radio		A1.1	
recibir	to receive	verb	A1.1	work
restaurante	restaurant		A1.1	
roja	red		A1.1	
salir	to leave	verb	A1.1	
segundo	second		A1.1	
seis	six	num	A1.1	
semana	week		A1.1	
septiembre	September		A1.1	
ser	to be - essential nature	verb	A1.1	nature
sesenta	sixty	num	A1.1	
setenta	seventy	num	A1.1	
siempre	always	adv	A1.1	
siete	seven	num	A1.1	
silla	chair		A1.1	health
sin	without	prep	A1.1	
sobre	about, on	prep	A1.1	
su	his, her, your formal		A1.1	
supermercado	supermarket	adv	A1.1	
sábado	Saturday		A1.1	
sí	yes	pron	A1.1	
tarde	late	adv	A1.1	time
tele	television, TV		A1.1	
teléfono	telephone		A1.1	tech
temprano	early	adv	A1.1	health|time
tener	to have	verb	A1.1	
tenis	tennis		A1.1	sports
terminar	to end	verb	A1.1	
tienda	store		A1.1	
trabajar	to work	verb	A1.1	work
trabajo	work, job		A1.1	
trece	thirteen	num	A1.1	
treinta	thirty	num	A1.1	
tren	train		A1.1	
tres	three	num	A1.1	
tu	your - informal	pron	A1.1	
té	tea		A1.1	
tú	you - informal	pron	A1.1	
un	a, an - masculine	det	A1.1	
una	a, an - feminine	det	A1.1	
unas	some - feminine	det	A1.1	
universidad	university	noun	A1.1	education
uno	one	num	A1.1	
unos	some - masculine	det	A1.1	
usted	you - formal	pron	A1.1	
ustedes	you all - Latin America	pron	A1.1	
vacaciones	vacation	noun	A1.1	travel
veinte	twenty	num	A1.1	
vender	to sell	verb	A1.1	
venir	to come	verb	A1.1	
ventana	window		A1.1	
ver	to see	verb	A1.1	
verde	green		A1.1	
viaje	trip		A1.1	travel
vieja	old		A1.1	
viernes	Friday		A1.1	
vivir	to live	verb	A1.1	
vosotras	you all - Spain	pron	A1.1	health
vuestra	your - plural Spain		A1.1	health
y	and	conj	A1.1	
yo	I	pron	A1.1	
él	he	pron	A1.1	
a través	through	phrase	A1.2	MWU
abrigo	coat		A1.2	
aburrido	bored		A1.2	
aceite	oil		A1.2	food
acostarse	to go to bed	verb	A1.2	reflexive
además	furthermore, besides		A1.2	
aeropuerto	airport		A1.2	travel
afeitarse	to shave	verb	A1.2	reflexive
afición	hobby		A1.2	
al lado	next to	phrase	A1.2	MWU
alfombra	rug, carpet		A1.2	
algo	something		A1.2	
alguien	someone		A1.2	
almohada	pillow		A1.2	home
almorzar	to have lunch	verb	A1.2	
alquiler	rent		A1.2	home
alrededor	around		A1.2	
anteayer	day before yesterday	adv	A1.2	time
aquella	that over there	det	A1.2	
aquellas	those over there	det	A1.2	
armario	closet, wardrobe		A1.2	home
arroz	rice		A1.2	food
ascensor	elevator		A1.2	home
así	like this, in this way		A1.2	
así que	so, therefore	connector	A1.2	MWU|discourse
aunque	although	conj	A1.2	discourse|glue
avenida	avenue		A1.2	
avergonzado	embarrassed		A1.2	
azúcar	sugar		A1.2	food
bailar	to dance	verb	A1.2	
balcón	balcony		A1.2	home
barato	cheap		A1.2	finance
barco	boat		A1.2	
bastante	quite, enough		A1.2	
bañera	bathtub		A1.2	
biblioteca	library		A1.2	
boca	mouth		A1.2	health
bolso	purse, bag		A1.2	
brazo	arm		A1.2	health
bufanda	scarf		A1.2	
buscar	to look for	verb	A1.2	
cabello	hair		A1.2	health
cabeza	head		A1.2	health
cada	each		A1.2	
cajón	drawer		A1.2	home
calcetines	socks		A1.2	
camisa	shirt		A1.2	
campo	countryside		A1.2	travel
cansado	tired		A1.2	
cantar	to sing	verb	A1.2	
cara	face		A1.2	health
carnicería	butcher shop		A1.2	
caro	expensive		A1.2	finance
cartera	wallet		A1.2	home
casi	almost	adv	A1.2	
cebolla	onion		A1.2	food
cenar	to have dinner	verb	A1.2	
centro comercial	shopping mall	phrase	A1.2	MWU
cepillarse	to brush	verb	A1.2	reflexive
cerradura	lock		A1.2	home
chaqueta	jacket		A1.2	
chocolate	chocolate	adv	A1.2	time
cierto	true, certain		A1.2	
cine	cinema, movie theater		A1.2	media
cocinar	to cook	verb	A1.2	food
comedor	dining room		A1.2	travel
complicado	complicated		A1.2	
común	common		A1.2	
concierto	concert		A1.2	media
conductor	driver		A1.2	travel
conmigo	with me	pron	A1.2	
conocer	to know, be familiar with	verb	A1.2	time
consigo	with oneself	pron	A1.2	
contento	content, happy		A1.2	
contigo	with you	pron	A1.2	
contra	against	prep	A1.2	
correcto	correct		A1.2	
correos	post office		A1.2	work
correr	to run	verb	A1.2	sports
cortina	curtain		A1.2	home
costar	to cost	verb	A1.2	
cuadro	painting		A1.2	health
cualquiera	any		A1.2	
cuenta	bill, check		A1.2	food
cuidado	care, careful		A1.2	
debajo	underneath		A1.2	
deber	should, must		A1.2	
decir	to say, tell	verb	A1.2	
dedo	finger		A1.2	health
delante	in front		A1.2	
demasiado	too much	adv	A1.2	
desayunar	to have breakfast	verb	A1.2	
descuento	discount		A1.2	finance
desde	from, since	prep	A1.2	time
despertar	se) (to wake up	adv	A1.2	
detrás	behind		A1.2	
devolver	to return	verb	A1.2	
dibujar	to draw	verb	A1.2	
diferente	different		A1.2	home
difícil	difficult		A1.2	
dijo	said		A1.2	
dolor	pain		A1.2	health
dormir	to sleep	verb	A1.2	
dormitorio	bedroom		A1.2	home
ducha	shower		A1.2	media
ducharse	to shower	verb	A1.2	media|reflexive
durante	during	prep	A1.2	time
encima	on top		A1.2	
encontrar	to find	verb	A1.2	tech
enfermo	sick		A1.2	health
enfrente	opposite		A1.2	
enojado	angry		A1.2	
ensalada	salad		A1.2	food
entonces	then		A1.2	nature
entre	between, among	prep	A1.2	
equipaje	luggage		A1.2	travel
esa	that	det	A1.2	
esas	those	det	A1.2	
escalera	stairs		A1.2	home
espalda	back		A1.2	health
especial	special		A1.2	
espejo	mirror		A1.2	
esquina	corner		A1.2	
esta	this	det	A1.2	
estación	season, station	noun	A1.2	nature
estación de autobuses	bus station	phrase	A1.2	MWU|travel
estación de tren	train station	phrase	A1.2	MWU|travel
estantería	bookshelf		A1.2	
estas	these	det	A1.2	
estómago	stomach		A1.2	health
excepto	except		A1.2	
exposición	exhibition	noun	A1.2	media
extraño	strange		A1.2	
falda	skirt		A1.2	
falso	false		A1.2	
farmacia	pharmacy		A1.2	health
feliz	happy		A1.2	
fiebre	fever		A1.2	health
fotografía	photography		A1.2	
fue	was, went		A1.2	
fácil	easy		A1.2	
gafas	glasses		A1.2	
galleta	cookie, biscuit		A1.2	food
garaje	garage		A1.2	home
gastar	to spend	verb	A1.2	
grifo	faucet, tap		A1.2	
guantes	gloves		A1.2	
hacia	toward		A1.2	
hasta	until, to	prep	A1.2	time
hay	there is, there are	adv	A1.2	
helado	ice cream		A1.2	food
hizo	did, made		A1.2	
horario	schedule		A1.2	travel
horno	oven		A1.2	home
huevo	egg		A1.2	food
iglesia	church		A1.2	
igual...que	equal...to	phrase	A1.2	
importante	important		A1.2	
imposible	impossible		A1.2	
incorrecto	incorrect		A1.2	
interesado	interested		A1.2	finance
invierno	winter		A1.2	
inútil	useless		A1.2	
jardín	garden		A1.2	home
lavadora	washing machine		A1.2	home
lavarse	to wash oneself	verb	A1.2	reflexive
lavavajillas	dishwasher		A1.2	home
lechuga	lettuce		A1.2	food
levantarse	to get up	adv	A1.2	reflexive
librería	bookstore		A1.2	
llave	key		A1.2	home
llaves	keys		A1.2	home
llegada	arrival		A1.2	travel
llevar	to wear, carry, take	verb	A1.2	health
lluvia	rain		A1.2	
lo	him, it - masculine	pron	A1.2	
luego	later, then	adv	A1.2	nature|time
lámpara	lamp		A1.2	home
mano	hand		A1.2	health
manta	blanket		A1.2	home
maquillarse	to put on makeup	adv	A1.2	reflexive
mayor	older, bigger		A1.2	
me	me	pron	A1.2	
medicina	medicine		A1.2	health
mejor	better		A1.2	
menor	younger, smaller		A1.2	
menos...que	less...than	phrase	A1.2	comparison
menú	menu		A1.2	food
mercado	market		A1.2	
microondas	microwave		A1.2	home
mientras	while	conj	A1.2	time
montaña	mountain		A1.2	nature
motocicleta	motorcycle		A1.2	
museo	museum		A1.2	media
más o menos	more or less	phrase	A1.2	MWU
más...que	more...than	phrase	A1.2	comparison
nada	nothing		A1.2	
nadar	to swim	verb	A1.2	
nadie	no one		A1.2	
nariz	nose		A1.2	health
necesario	necessary		A1.2	
nervioso	nervous		A1.2	
nieve	snow		A1.2	time
normal	normal		A1.2	
nos	us	pron	A1.2	
nube	cloud		A1.2	
número de talla	size number	phrase	A1.2	MWU
ocupado	busy		A1.2	
oferta	offer, sale		A1.2	finance
ojo	eye		A1.2	health
oreja	ear		A1.2	health
orgulloso	proud		A1.2	
os	you all - Spain object	pron	A1.2	health
otoño	autumn, fall		A1.2	
oír	to hear	verb	A1.2	health
panadería	bakery		A1.2	
pantalones	pants, trousers		A1.2	tech
papa	potato		A1.2	food
paraguas	umbrella		A1.2	
parecido	similar		A1.2	
pared	wall		A1.2	home
parque	park		A1.2	
pasado mañana	day after tomorrow	phrase	A1.2	MWU|time
pasajero	passenger		A1.2	travel
pasta	pasta		A1.2	food
pedir	to order, ask for	verb	A1.2	food
peinarse	to comb one's hair	verb	A1.2	health|reflexive
peligro	danger		A1.2	
peor	worse		A1.2	
perfecto	perfect		A1.2	
permitido	allowed		A1.2	
pie	foot		A1.2	health
piel	skin		A1.2	health
pierna	leg		A1.2	health
pintar	to paint	verb	A1.2	health
piso	floor, apartment	noun	A1.2	home
playa	beach		A1.2	
plaza	square		A1.2	
poder	can, to be able to		A1.2	
pollo	chicken		A1.2	food
poner	to put, place	verb	A1.2	
ponerse	to put on [clothing]	verb	A1.2	reflexive
por supuesto	of course	phrase	A1.2	MWU|education
posible	possible		A1.2	
postre	dessert		A1.2	food
precio	price		A1.2	food
preocupado	worried		A1.2	
primavera	spring		A1.2	
probar	to try, test	verb	A1.2	education
probar	se) (to try on		A1.2	
prohibido	forbidden		A1.2	
pronto	soon	adv	A1.2	time
propietario	owner		A1.2	home
propina	tip		A1.2	
puente	bridge		A1.2	
puesto que	since, given that	phrase	A1.2	MWU|time
queso	cheese		A1.2	food
quitarse	to take off [clothing]	verb	A1.2	reflexive
raro	rare, strange		A1.2	
receta	prescription, recipe	noun	A1.2	health
refrigerador	refrigerator		A1.2	home
reloj	watch, clock		A1.2	home
reserva	reservation	noun	A1.2	food
resfriado	cold		A1.2	
ropa	clothing		A1.2	
saber	to know, knowledge	verb	A1.2	time
sal	salt		A1.2	food
sala	living room		A1.2	home
salida	exit, departure		A1.2	travel
seguro	sure		A1.2	
según	according to	prep	A1.2	
semáforo	traffic light		A1.2	
sentir	to feel, regret	verb	A1.2	
servir	to serve	verb	A1.2	food
sillón	armchair		A1.2	home
simple	simple		A1.2	
sofá	sofa		A1.2	home
sol	sun		A1.2	
solamente	only	adv	A1.2	
sombrero	hat		A1.2	
sopa	soup	adv	A1.2	food
sorprendido	surprised		A1.2	
tal como	just as	phrase	A1.2	MWU
tal vez	perhaps, maybe	phrase	A1.2	MWU
también	also	adv	A1.2	
tampoco	neither, not either		A1.2	
tan...como	as...as	phrase	A1.2	comparison
tanto como	as much as	phrase	A1.2	MWU
taxi	taxi		A1.2	travel
te	you - informal object	pron	A1.2	
teatro	theater		A1.2	media
techo	ceiling		A1.2	home
televisor	TV set		A1.2	
tener que	to have to	phrase	A1.2	MWU
tiempo	weather, time		A1.2	
tocar	to play, touch	verb	A1.2	
todavía	still, yet	adv	A1.2	time
todavía no	not yet	phrase	A1.2	MWU|time
tomate	tomato		A1.2	food
traer	to bring	verb	A1.2	
tranquilo	calm		A1.2	
triste	sad		A1.2	
tuvo	had		A1.2	
típico	typical		A1.2	
varias	several		A1.2	
vecino	neighbor		A1.2	home
verano	summer		A1.2	
verdura	vegetable		A1.2	food
vestido	dress		A1.2	
vestirse	to get dressed	verb	A1.2	reflexive
viento	wind		A1.2	
vio	saw		A1.2	
ya	already	adv	A1.2	time
ya no	not anymore	phrase	A1.2	MWU
zanahoria	carrot		A1.2	food
zapatos	shoes		A1.2	
útil	useful		A1.2	
aburrimiento	boredom		A2.1	
aburrirse	to be bored	verb	A2.1	reflexive
acampar	to camp	verb	A2.1	
acceso	access		A2.1	tech
actriz	actor, actress		A2.1	media
adjunto	attachment	noun	A2.1	tech
aduana	customs		A2.1	travel
aficionada	fan		A2.1	sports
aire	air		A2.1	nature
ajedrez	chess		A2.1	sports
albergue	hostel		A2.1	travel
alegrarse	to be glad	verb	A2.1	reflexive
alegría	joy, happiness	noun	A2.1	
alivio	relief		A2.1	
altura	height		A2.1	
alumna	student, pupil	adv	A2.1	education
amiga	friend		A2.1	society
amistad	friendship		A2.1	society
amor	love		A2.1	
anchura	width		A2.1	
anfitriona	host		A2.1	society
animar	to cheer, encourage	verb	A2.1	
anulado	cancelled		A2.1	travel
aplaudir	to applaud	verb	A2.1	sports
aplicación	application, app	noun	A2.1	work
aprender	to learn	verb	A2.1	health
aprobar	to pass	verb	A2.1	
archivo	file		A2.1	work
arte	art		A2.1	media
artes marciales	martial arts	phrase	A2.1	MWU|media
artista	artist		A2.1	media
asignatura	subject		A2.1	education
asustarse	to get scared	verb	A2.1	reflexive
atletismo	athletics		A2.1	sports
autora	author		A2.1	media
billar	billiards		A2.1	food
biología	biology		A2.1	
boda	wedding		A2.1	society
bolos	bowling		A2.1	sports
borrar	to delete, erase	verb	A2.1	tech
bosque	forest		A2.1	nature
boxeo	boxing		A2.1	sports
bricolaje	DIY, home improvement	noun	A2.1	home
bucear	to dive, snorkel	verb	A2.1	
buceo	diving		A2.1	sports
béisbol	baseball		A2.1	sports
caballo	horse		A2.1	nature
caer	to fall	verb	A2.1	
cama doble	double bed	phrase	A2.1	MWU|travel
cama individual	single bed	phrase	A2.1	MWU|travel
cambio	exchange		A2.1	
campeona	champion		A2.1	
campeonato	championship		A2.1	sports
camping	campsite		A2.1	
cancelar	to cancel	verb	A2.1	travel
canción	song		A2.1	media
canotaje	canoeing		A2.1	sports
capítulo	chapter		A2.1	media
carpeta	folder		A2.1	work
casada	married		A2.1	society
caza	hunting		A2.1	sports
cazar	to hunt	verb	A2.1	
celebración	celebration	noun	A2.1	
celos	jealousy		A2.1	
centímetro	centimeter		A2.1	
cerdo	pig		A2.1	nature
ciclismo	cycling		A2.1	sports
cielo	sky		A2.1	nature
ciencias	sciences		A2.1	
cita	date, appointment	noun	A2.1	
clase	class		A2.1	education|reflexive
cliente	client, customer		A2.1	work
coleccionar	to collect	verb	A2.1	
colega	colleague		A2.1	work
colegio	school		A2.1	education
colgar	to hang up	adv	A2.1	tech
colina	hill		A2.1	nature
compañera	colleague		A2.1	work
compañera de clase	classmate	phrase	A2.1	MWU|education|reflexive
competición	competition	noun	A2.1	
competir	to compete	verb	A2.1	sports
conectar	to connect	verb	A2.1	tech
conejo	rabbit		A2.1	nature
confianza	trust, confidence		A2.1	
confirmar	to confirm	verb	A2.1	
confusión	confusion		A2.1	
conocida	acquaintance		A2.1	
contestar	to answer	verb	A2.1	tech
contraseña	password		A2.1	work
contrato	contract		A2.1	work
copiar	to copy	verb	A2.1	tech
cortar	to cut	verb	A2.1	tech
coser	to sew	verb	A2.1	
cuarto	quarter		A2.1	media
cuento	story		A2.1	media
culpa	guilt		A2.1	
curiosidad	curiosity	noun	A2.1	
currículum	résumé, CV		A2.1	work
curso	course		A2.1	education
cuñada	brother-in-law, sister-in-law		A2.1	society
damas	checkers		A2.1	sports
deberes	homework		A2.1	home
descargar	to download	adv	A2.1	tech
desesperación	desperation	noun	A2.1	
desierto	desert		A2.1	nature
despacho	office, study		A2.1	work
directora	director		A2.1	media
divertirse	to have fun	verb	A2.1	reflexive
divorciada	divorced		A2.1	society
divorcio	divorce		A2.1	society
documento	document	noun	A2.1	work
duda	doubt		A2.1	
educación física	physical education	phrase	A2.1	MWU
ejercicio	exercise		A2.1	
elefante	elephant		A2.1	nature
embarcar	to board	verb	A2.1	travel
emocionarse	to get excited	verb	A2.1	reflexive
empatar	to tie, draw	verb	A2.1	sports
empleada	employee		A2.1	work
empresa	company, business	noun	A2.1	work
enamorarse	to fall in love	verb	A2.1	reflexive
enlace	link		A2.1	tech
enojarse	to get angry	verb	A2.1	reflexive
enojo	anger		A2.1	
enseñar	to teach	verb	A2.1	education
entradas	tickets		A2.1	travel
entrenar	to train	verb	A2.1	
entrevista	interview		A2.1	travel
entristecerse	to become sad	verb	A2.1	reflexive
enviar	to send	verb	A2.1	work
equipo	team		A2.1	sports
equitación	horse riding		A2.1	nature
escala	layover, stopover		A2.1	travel
escalada	climbing		A2.1	sports
escalar	to climb	verb	A2.1	
escena	scene		A2.1	media
escritora	writer		A2.1	media
espectadora	spectator		A2.1	sports
espectáculo	show, performance		A2.1	media
esperanza	hope		A2.1	
esposa	husband, wife		A2.1	media
esquiar	to ski	verb	A2.1	
esquí	skiing		A2.1	sports
estrella	star		A2.1	nature
examen	exam		A2.1	education
excursión	excursion, trip		A2.1	travel
experiencia	experience		A2.1	work
explicar	to explain	verb	A2.1	work
extranjero	foreigner, foreign		A2.1	travel
facturar	to check in luggage	verb	A2.1	travel
fiesta	party		A2.1	media
flor	flower		A2.1	nature
fotografiar	to photograph	verb	A2.1	
frontera	border		A2.1	travel
fuego	fire		A2.1	nature
física	physics		A2.1	
fútbol americano	American football	phrase	A2.1	MWU|health
galería	gallery		A2.1	media
gallina	hen		A2.1	nature
ganar	to win	verb	A2.1	sports
geografía	geography		A2.1	
gimnasia	gymnastics		A2.1	sports
gimnasio	gym		A2.1	sports
golf	golf		A2.1	sports
golpear	to hit	verb	A2.1	sports
grado	degree		A2.1	
gramo	gram		A2.1	
grupo	group, band	adv	A2.1	media
guardar	to save	verb	A2.1	tech
guía	guide		A2.1	
habitación	room		A2.1	travel
historia	history		A2.1	media
hockey	hockey		A2.1	home
horario laboral	work schedule	phrase	A2.1	MWU|travel
hornear	to bake	verb	A2.1	
hotel	hotel		A2.1	travel
ida	one way		A2.1	travel
ida y vuelta	round trip	phrase	A2.1	MWU|travel
idioma	language		A2.1	
idiomas	languages		A2.1	
impresora	printer		A2.1	work
incluido	included		A2.1	travel
informe	report		A2.1	work
insecto	insect		A2.1	
instituto	high school		A2.1	education
instrumento	instrument	noun	A2.1	media
interés	interest		A2.1	finance
invitación	invitation	noun	A2.1	
invitada	guest		A2.1	society
jardinería	gardening		A2.1	home
jefa	boss		A2.1	work
jirafa	giraffe		A2.1	nature
jugadora	player		A2.1	sports
jugar a las cartas	to play cards	phrase	A2.1	MWU
jugar a videojuegos	to play video games	phrase	A2.1	MWU
jugar al ajedrez	to play chess	phrase	A2.1	MWU|sports
kilo	kilogram		A2.1	
kilómetro	kilometer		A2.1	
lago	lake		A2.1	nature
lanzar	to throw	verb	A2.1	sports
lectora	reader		A2.1	media
león	lion		A2.1	nature
libre	free, available		A2.1	travel
liga	league		A2.1	sports
literatura	literature		A2.1	media
litro	liter		A2.1	
llamada	call		A2.1	work
llamar	to call	verb	A2.1	work
lobo	wolf		A2.1	nature
longitud	length		A2.1	
lucha	wrestling		A2.1	sports
luna	moon		A2.1	nature
mapa	map		A2.1	travel
mar	sea		A2.1	nature
maratón	marathon		A2.1	sports
matemáticas	mathematics		A2.1	
matrimonio	marriage		A2.1	society
medalla	medal		A2.1	sports
medida	measurement	noun	A2.1	
meditar	to meditate	verb	A2.1	
mensaje	message		A2.1	tech
meta	goal, finish line		A2.1	sports
miedo	fear		A2.1	health
mililitro	milliliter		A2.1	
mitad	half		A2.1	
moneda	currency		A2.1	
mono	monkey		A2.1	home
montar a caballo	to ride a horse	phrase	A2.1	MWU|nature
montar en bicicleta	to ride a bicycle	phrase	A2.1	MWU
montañismo	mountaineering		A2.1	nature
músico	musician		A2.1	media
natación	swimming		A2.1	sports
naturaleza	nature		A2.1	nature
nota	grade, note		A2.1	education
novela	novel		A2.1	media
novia	boyfriend, girlfriend		A2.1	society
nuera	daughter-in-law		A2.1	society
ocupado	occupied	adv	A2.1	travel
océano	ocean		A2.1	nature
odio	hate		A2.1	
orgullo	pride		A2.1	
oso	bear		A2.1	health
oveja	sheep		A2.1	nature
paracaidismo	skydiving		A2.1	nature
parapente	paragliding		A2.1	sports
pareja	couple, partner	adv	A2.1	media
pariente	relative		A2.1	society
parte	part		A2.1	media
partido	match, game		A2.1	sports
pasto	grass		A2.1	nature
patinaje	skating		A2.1	
patinar	to skate	verb	A2.1	
pegar	to paste	verb	A2.1	tech
pensión	boarding house		A2.1	home
perder	to lose	verb	A2.1	sports
permiso	permission, leave		A2.1	work
personaje	character		A2.1	media
pesca	fishing		A2.1	nature
pescar	to fish	verb	A2.1	nature
peso	weight		A2.1	
pez	fish		A2.1	nature
pizarra	blackboard, whiteboard		A2.1	education
planeta	planet		A2.1	nature
plano	map, plan		A2.1	travel
planta	plant		A2.1	nature
poesía	poetry		A2.1	media
practicar	to practice	verb	A2.1	sports
premio	prize, award		A2.1	sports
preocupación	worry		A2.1	
preocuparse	to worry	verb	A2.1	reflexive
presentación	presentation	noun	A2.1	work
presentar	to present, introduce	verb	A2.1	work
prima	cousin		A2.1	society
programa	program		A2.1	tech
prometida	fiancé, fiancée		A2.1	
protagonista	protagonist		A2.1	media
proyecto	project		A2.1	work
prueba	test		A2.1	education
puntos	points		A2.1	sports
página	page		A2.1	media
página web	web page	phrase	A2.1	MWU|tech
pájaro	bird		A2.1	nature
química	chemistry		A2.1	
ratón	mouse		A2.1	nature
recepción	reception	noun	A2.1	travel
recreo	recess, break		A2.1	education
redes sociales	social networks	phrase	A2.1	MWU|tech
regalo	gift, present		A2.1	
registro	registration	noun	A2.1	tech
relación	relationship	noun	A2.1	
remo	rowing		A2.1	sports
reservar	to reserve, book	verb	A2.1	travel
retraso	delay		A2.1	travel
reunirse	to meet	verb	A2.1	reflexive|work
reunión	meeting		A2.1	work
rotulador	marker		A2.1	education
running	running		A2.1	
río	river		A2.1	nature
saltar	to jump	verb	A2.1	sports
seleccionar	to select	verb	A2.1	tech
selva	jungle		A2.1	nature
senderismo	hiking		A2.1	
sentirse	to feel	verb	A2.1	reflexive
separación	separation	noun	A2.1	society
sitio web	website	phrase	A2.1	MWU|tech
snowboard	snowboarding		A2.1	sports|time
sobrina	nephew, niece		A2.1	society
solicitud	application	noun	A2.1	work
soltera	single		A2.1	society
sorprenderse	to be surprised	verb	A2.1	reflexive
sorpresa	surprise		A2.1	
suegra	father-in-law, mother-in-law		A2.1	society
sueldo	salary		A2.1	work
surf	surfing		A2.1	sports
surfear	to surf	verb	A2.1	
suspender	to fail	verb	A2.1	
tamaño	size		A2.1	
tarea	homework, task		A2.1	home
tarjeta de embarque	boarding pass	phrase	A2.1	MWU|travel
tejer	to knit	verb	A2.1	
temperatura	temperature		A2.1	
tierra	earth, soil		A2.1	food
tigre	tiger		A2.1	nature
tiro con arco	archery	phrase	A2.1	MWU|sports
tiza	chalk		A2.1	
tocar un instrumento	to play an instrument	phrase	A2.1	MWU|media
torneo	tournament	noun	A2.1	sports
traductor	translator		A2.1	
triatlón	triathlon		A2.1	sports
tristeza	sadness	noun	A2.1	
trofeo	trophy		A2.1	sports
trozo	piece		A2.1	
turismo	tourism		A2.1	
turista	tourist		A2.1	travel
tía	uncle, aunt		A2.1	society
usuario	user		A2.1	tech
vaca	cow		A2.1	nature
valle	valley		A2.1	nature
vecina	neighbor		A2.1	home
vela	sailing		A2.1	sports
vergüenza	shame, embarrassment	noun	A2.1	
viajar	to travel	verb	A2.1	travel
visado	visa		A2.1	travel
visita	visit		A2.1	
visitar	to visit	verb	A2.1	
vista	view		A2.1	travel
viuda	widowed		A2.1	society
voleibol	volleyball		A2.1	sports
yerno	son-in-law		A2.1	society
yoga	yoga		A2.1	
zorro	fox		A2.1	nature
árbol	tree		A2.1	nature
a causa de	because of	phrase	A2.2	MWU
a favor	in favor	phrase	A2.2	MWU
a lo mejor	maybe	phrase	A2.2	MWU
a pesar de	despite	connector	A2.2	MWU|discourse
abogada	lawyer		A2.2	
accidente	accident		A2.2	
acción	action	noun	A2.2	media
acondicionador	conditioner	noun	A2.2	
aconsejar	to advise	verb	A2.2	
adelantar	to advance, overtake	verb	A2.2	
adelanto	advance		A2.2	
advertir	to warn	verb	A2.2	
afeitadora	razor		A2.2	
afeitar	to shave	verb	A2.2	
agresiva	aggressive		A2.2	
agricultora	farmer	adv	A2.2	health
aire acondicionado	air conditioning	phrase	A2.2	MWU|nature
al contrario	on the contrary	phrase	A2.2	MWU
alergia	allergy		A2.2	
alquilar un coche	to rent a car	phrase	A2.2	MWU|home
altruista	altruistic		A2.2	
amable	kind		A2.2	
anillo	ring		A2.2	
aniversario	anniversary		A2.2	
antipática	unfriendly		A2.2	society
anuncio	advertisement	noun	A2.2	media
aretes	earrings		A2.2	health
arquitecta	architect		A2.2	
artículo	article		A2.2	media
ascenso	promotion	noun	A2.2	
asiento	seat		A2.2	nature
asignar	to assign	verb	A2.2	
audiencia	audience		A2.2	media
autopista	highway		A2.2	
auxiliar de vuelo	flight attendant	phrase	A2.2	MWU
aventura	adventure		A2.2	media
avería	breakdown, malfunction	adv	A2.2	
Año Nuevo	New Year	phrase	A2.2	MWU|health
bailarina	dancer		A2.2	
bautizo	baptism		A2.2	
boletín	bulletin		A2.2	media
bombera	firefighter		A2.2	nature
brindis	toast		A2.2	
buzón	mailbox		A2.2	
buzón de voz	voicemail	phrase	A2.2	MWU|work
caducar	to expire	verb	A2.2	
cajera	cashier		A2.2	
cajero automático	ATM	phrase	A2.2	MWU|finance
calefacción	heating		A2.2	
calzado	footwear		A2.2	health
camarera	waiter, waitress		A2.2	food
canal	channel		A2.2	
cantante	singer		A2.2	
carnaval	carnival		A2.2	
carnicera	butcher		A2.2	
carpintera	carpenter		A2.2	
carretera	road		A2.2	
carta	letter		A2.2	
cepillo	brush		A2.2	
cepillo de dientes	toothbrush	phrase	A2.2	MWU
ceremonia	ceremony		A2.2	
champú	shampoo		A2.2	
ciencia ficción	science fiction	phrase	A2.2	MWU|media
científica	scientist		A2.2	
cirugía	surgery		A2.2	
ciudadana	citizen		A2.2	
clase ejecutiva	business class	phrase	A2.2	MWU|education
clase turista	economy class	phrase	A2.2	MWU|education
cobarde	coward		A2.2	nature
cocinera	cook		A2.2	
collar	necklace		A2.2	
comedia	comedy		A2.2	media
comprobar	to check, verify	verb	A2.2	
comunicar	to communicate	verb	A2.2	
conductora	driver		A2.2	travel
conflicto	conflict		A2.2	
consulta	consultation	noun	A2.2	
contable	accountant		A2.2	finance
contrato de arrendamiento	lease, rental agreement	phrase	A2.2	MWU|home
convivencia	coexistence		A2.2	
correo	mail		A2.2	
corte de pelo	haircut	phrase	A2.2	MWU|health
cortocircuito	short circuit		A2.2	
cosmética	cosmetics		A2.2	
costumbre	custom		A2.2	
crema	cream		A2.2	
cruce	crossing, intersection	noun	A2.2	
crítica	review, criticism		A2.2	travel
cuarto de baño	bathroom	phrase	A2.2	MWU|home
cuenta bancaria	bank account	phrase	A2.2	MWU|finance
cuenta corriente	checking account	phrase	A2.2	MWU|finance
cuenta de ahorros	savings account	phrase	A2.2	MWU|finance
cuerda	sane		A2.2	
cuidadosa	careful		A2.2	
curiosa	curious		A2.2	
código postal	postal, zip code	phrase	A2.2	MWU
dar cuenta	to account for	phrase	A2.2	MWU|finance
dar igual	to not matter	phrase	A2.2	MWU
dar la bienvenida	to welcome	phrase	A2.2	MWU
dar las gracias	to thank	phrase	A2.2	MWU|comparison
dar permiso	to give permission	phrase	A2.2	MWU|work
darse cuenta	to realize	phrase	A2.2	MWU
debido a	due to	phrase	A2.2	MWU
defectuosa	defective		A2.2	
dejar prestado	to lend	phrase	A2.2	MWU
democracia	democracy		A2.2	
depósito	deposit		A2.2	finance
derechos	rights	adv	A2.2	
descolgar	to pick up	adv	A2.2	
descuidada	careless		A2.2	
desde luego	certainly	phrase	A2.2	MWU
desempleada	unemployed		A2.2	
desfile	parade		A2.2	
deshacer las maletas	to unpack	phrase	A2.2	MWU|travel
deshonesta	dishonest		A2.2	
desigualdad	inequality	noun	A2.2	
desodorante	deodorant		A2.2	
despido	dismissal, firing		A2.2	
destinatario	recipient		A2.2	
desvío	detour		A2.2	
devolución	return		A2.2	
diarrea	diarrhea		A2.2	
dibujos animados	cartoons	phrase	A2.2	MWU|media
dictadura	dictatorship		A2.2	
dirán	they will say		A2.2	
discurso	speech		A2.2	
diseñadora	designer		A2.2	
documental	documentary	noun	A2.2	work
dolor de cabeza	headache	phrase	A2.2	MWU|health
dolor de estómago	stomachache	phrase	A2.2	MWU|health
dolor de garganta	sore throat	phrase	A2.2	MWU
dolor de muelas	toothache	phrase	A2.2	MWU
drama	drama		A2.2	media
dudo que	I doubt that...	phrase	A2.2	MWU
débil	weak		A2.2	
Día de los Muertos	Day of the Dead	phrase	A2.2	MWU
echar de menos	to miss someone	phrase	A2.2	MWU
egoísta	selfish		A2.2	nature
elecciones	elections	noun	A2.2	
electricista	electrician		A2.2	
embotellamiento	traffic jam		A2.2	
emisión	broadcast		A2.2	media
empresaria	businessman, businesswoman	noun	A2.2	work
en contra	against	phrase	A2.2	MWU
en general	in general	phrase	A2.2	MWU
en particular	in particular	phrase	A2.2	MWU|media
en realidad	actually	connector	A2.2	MWU|discourse
enfermedad	illness, disease	noun	A2.2	nature
entregar	to deliver	verb	A2.2	
entrevista de trabajo	job interview	phrase	A2.2	MWU|travel
episodio	episode		A2.2	media
es importante que	it's important that...	phrase	A2.2	MWU
es necesario que	it's necessary that...	phrase	A2.2	MWU
es posible que	it's possible that...	phrase	A2.2	MWU
es probable que	it's likely that...	phrase	A2.2	MWU
escalas	layover, stopover		A2.2	travel
espero que	I hope that...	phrase	A2.2	MWU
estacionamiento	parking		A2.2	
estar de acuerdo	to agree	phrase	A2.2	MWU
estar en contra	to be against	phrase	A2.2	MWU
estaré	I will be		A2.2	
estilo	style		A2.2	
etiqueta	label, tag		A2.2	
extracción	withdrawal		A2.2	finance
extraviado	lost		A2.2	
extrovertida	extroverted		A2.2	
fabricante	manufacturer		A2.2	
falsificación	counterfeit		A2.2	
felicitación	congratulation	noun	A2.2	
firma	signature		A2.2	nature
fuerte	strong		A2.2	
fuga de agua	water leak	phrase	A2.2	MWU|nature
funeral	funeral		A2.2	
garantía	warranty, guarantee		A2.2	finance
gasolinera	gas station	noun	A2.2	
generosa	generous		A2.2	
gobierno	government	noun	A2.2	
goteo	leak, drip		A2.2	
grabación	recording		A2.2	media
graciosa	funny		A2.2	
graduación	graduation	noun	A2.2	
grieta	crack		A2.2	
gripe	flu		A2.2	
guerra	war		A2.2	
hacer caso	to pay attention	phrase	A2.2	MWU
hacer daño	to hurt	phrase	A2.2	MWU
hacer falta	to need	phrase	A2.2	MWU
hacer las maletas	to pack	phrase	A2.2	MWU|travel
haremos	we will do		A2.2	
harían	they would do		A2.2	
herida	wound		A2.2	
hipoteca	mortgage		A2.2	finance
honesta	honest		A2.2	
horas extras	overtime	phrase	A2.2	MWU
impaciente	impatient		A2.2	
impuesto	tax		A2.2	
informar	to inform	verb	A2.2	
ingeniera	engineer		A2.2	
inmadura	immature		A2.2	
inquilina	tenant		A2.2	
insegura	insecure		A2.2	
insensible	insensitive		A2.2	
instrucciones de uso	instructions for use	phrase	A2.2	MWU
inteligente	intelligent		A2.2	
inversión	investment	noun	A2.2	finance
inyección	injection	noun	A2.2	
irresponsable	irresponsible		A2.2	
irás	you will go		A2.2	
iríamos	we would go		A2.2	
jabón	soap		A2.2	
jardinera	gardener		A2.2	home
joyería	jewelry		A2.2	
jubilada	retired		A2.2	
jueza	judge		A2.2	
justicia	justice		A2.2	
ley	law		A2.2	
libertad	freedom		A2.2	
llamada perdida	missed call	phrase	A2.2	MWU|work
llamar la atención	to attract attention	phrase	A2.2	MWU
loca	crazy		A2.2	
loción	lotion	noun	A2.2	
límite de velocidad	speed limit	phrase	A2.2	MWU
línea ocupada	busy line	phrase	A2.2	MWU
madura	mature		A2.2	
mal	to make a good, bad impression	verb	A2.2	
maletero	trunk, boot		A2.2	
mantenimiento	maintenance		A2.2	
manual	manual		A2.2	
maquillaje	makeup	adv	A2.2	
maquillar	to apply makeup	adv	A2.2	
marca	brand		A2.2	
marcar	to dial	verb	A2.2	
mareada	dizzy		A2.2	
marinera	sailor		A2.2	
me alegro de que	I'm glad that...	phrase	A2.2	MWU
me gustaría	I would like	phrase	A2.2	MWU
me molesta que	it bothers me that...	phrase	A2.2	MWU
me sorprende que	it surprises me that...	phrase	A2.2	MWU
mecánica	mechanic		A2.2	
mentirosa	liar		A2.2	
militar	military person		A2.2	society
moda	fashion		A2.2	
modelo	model		A2.2	
mudanza	move, moving		A2.2	
multa	fine, ticket		A2.2	travel
navegador	GPS, navigator		A2.2	
Navidad	Christmas		A2.2	
nerviosa	nervous		A2.2	
no creo que	I don't think that...	phrase	A2.2	MWU
no obstante	nevertheless	connector	A2.2	MWU|discourse
número equivocado	wrong number	phrase	A2.2	MWU
obligar	to force, obligate	verb	A2.2	
operación	operation	noun	A2.2	
optimista	optimistic		A2.2	
original	original		A2.2	
oyente	listener		A2.2	media
paciente	patient		A2.2	
pacífica	peaceful		A2.2	
panadera	baker		A2.2	
paquete	package		A2.2	
partido político	political party	phrase	A2.2	MWU|media
Pascua	Easter		A2.2	
pasillo	aisle, hallway		A2.2	
pasta de dientes	toothpaste	phrase	A2.2	MWU
pastilla	pill		A2.2	
paz	peace		A2.2	
peaje	toll		A2.2	
pedir perdón	to apologize	phrase	A2.2	MWU
pedir prestado	to borrow	phrase	A2.2	MWU
peinar	to comb	verb	A2.2	
peine	comb		A2.2	
peluquera	hairdresser		A2.2	health
peluquería	hair salon		A2.2	health
perezosa	lazy		A2.2	
perfume	perfume		A2.2	
periodista	journalist		A2.2	
periódico	newspaper		A2.2	
permitir	to allow	verb	A2.2	
pescadora	fisher		A2.2	nature
pesimista	pessimistic		A2.2	
piloto	pilot		A2.2	
pintura	paint		A2.2	health
plomero	plumber		A2.2	
pobreza	poverty		A2.2	
podrás	you will be able to		A2.2	
policía	police officer		A2.2	work
política	politics, policy		A2.2	
ponerse de acuerdo	to agree, reach an agreement	phrase	A2.2	MWU
por eso	therefore	connector	A2.2	MWU|discourse
por lo menos	at least	phrase	A2.2	MWU
por lo tanto	therefore	connector	A2.2	MWU|discourse
posponer	to postpone	verb	A2.2	
presidenta	president		A2.2	
primera clase	first class	phrase	A2.2	MWU|education|reflexive
primera ministra	prime minister	phrase	A2.2	MWU
producto	product		A2.2	
profesión	profession		A2.2	
programa en vivo	live program	phrase	A2.2	MWU|tech
programadora	programmer		A2.2	tech
prohibir	to prohibit	verb	A2.2	
propietaria	owner		A2.2	home
préstamo	loan		A2.2	finance
psicóloga	psychologist		A2.2	
publicidad	advertising		A2.2	media
pulsera	bracelet		A2.2	
quedarse con	to keep	phrase	A2.2	MWU
queja	complaint		A2.2	
quiero que	I want that...	phrase	A2.2	MWU
radar	radar		A2.2	
recepcionista	receptionist	noun	A2.2	travel
receptor	receiver		A2.2	
receta médica	prescription	phrase	A2.2	MWU|health
reclamación	claim		A2.2	
recomendar	to recommend	verb	A2.2	
reembolso	refund		A2.2	finance
reloj de pulsera	wristwatch	phrase	A2.2	MWU
remitente	sender		A2.2	
renovar	to renew	verb	A2.2	
reparación	repair		A2.2	nature
responsable	responsible		A2.2	
revista	magazine		A2.2	
riqueza	wealth		A2.2	
romántica	romantic		A2.2	media
rotonda	roundabout		A2.2	
ruptura	breakage		A2.2	
sabrá	he, she will know		A2.2	time
salario	salary		A2.2	work
salón de belleza	beauty salon	phrase	A2.2	MWU
sangre	blood		A2.2	
se alquila	it is rented	phrase	A2.2	MWU|home|reflexive
se busca	one seeks, it is sought	phrase	A2.2	MWU|reflexive
se considera	one considers, it is considered	phrase	A2.2	MWU|reflexive
se dice	one says, it is said	phrase	A2.2	MWU|reflexive
se habla	one speaks, it is spoken	phrase	A2.2	MWU|reflexive
se necesita	one needs, it is needed	phrase	A2.2	MWU|reflexive
se permite	it is allowed	phrase	A2.2	MWU|reflexive
se prohíbe	it is forbidden	phrase	A2.2	MWU|reflexive
se recomienda	one recommends, it is recommended	phrase	A2.2	MWU|reflexive
se vende	it is sold	phrase	A2.2	MWU|reflexive
secador de pelo	hair dryer	phrase	A2.2	MWU|health
secretaria	secretary		A2.2	
segura	confident		A2.2	
seguro de viaje	travel insurance	phrase	A2.2	MWU|travel
seguro médico	health insurance	phrase	A2.2	MWU|health
sello	stamp		A2.2	
sensible	sensitive		A2.2	
seria	serious		A2.2	
serie	series		A2.2	media
señal de tráfico	traffic sign	phrase	A2.2	MWU
sin duda	without doubt	phrase	A2.2	MWU
sin embargo	however	connector	A2.2	MWU|discourse
sincera	sincere		A2.2	time
sobre todo	above all, especially	phrase	A2.2	MWU
sugerir	to suggest	verb	A2.2	
suscripción	subscription	noun	A2.2	
tacaña	stingy		A2.2	
talla	size		A2.2	
tarjeta	card		A2.2	
tarjeta de crédito	credit card	phrase	A2.2	MWU|finance
tarjeta de débito	debit card	phrase	A2.2	MWU|finance
te compraría	I would buy you	phrase	A2.2	MWU
telediario	news program		A2.2	tech
tendré	I will have		A2.2	
tener en cuenta	to take into account	phrase	A2.2	MWU|finance
tener razón	to be right	phrase	A2.2	MWU
tener suerte	to be lucky	phrase	A2.2	MWU
terror	horror		A2.2	media
thriller	thriller		A2.2	media
titular	headline		A2.2	health
toalla	towel		A2.2	
tonta	silly, stupid	adv	A2.2	
tos	cough		A2.2	
trabajadora	hardworking		A2.2	
tradición	tradition	noun	A2.2	
traductora	translator		A2.2	
tramitar	to process	verb	A2.2	
tranquila	calm		A2.2	
transbordo	transfer		A2.2	finance
transferencia	transfer		A2.2	finance
transmisor	transmitter		A2.2	
tráfico	traffic		A2.2	
turística	tour guide		A2.2	
tímida	shy		A2.2	
vacaciones pagadas	paid vacation	phrase	A2.2	MWU|travel
valiente	brave		A2.2	
vecindario	neighborhood		A2.2	home
vendedora	salesperson		A2.2	society
vendrá	he, she will come		A2.2	
vendría	he, she would come		A2.2	
ventanilla	window seat		A2.2	nature
veremos	we will see		A2.2	
viaje de negocios	business trip	phrase	A2.2	MWU|travel
vivirán	they will live		A2.2	
vómito	vomit		A2.2	
¡di!	say!		A2.2	
¡haz!	do!		A2.2	
¡no bebas!	don't drink!	phrase	A2.2	MWU
¡no comas!	don't eat!	phrase	A2.2	MWU
¡no digas!	don't say!	phrase	A2.2	MWU
¡no hables!	don't speak!	phrase	A2.2	MWU
¡no hagas!	don't do!	phrase	A2.2	MWU
¡no salgas!	don't go out!	phrase	A2.2	MWU
¡no vengas!	don't come!	phrase	A2.2	MWU
¡pon!	put!		A2.2	
¡sal!	go out!		A2.2	
¡sé!	be!		A2.2	
¡ten!	have, take!		A2.2	
¡ve!	go!		A2.2	
¡ven!	come!		A2.2	
